y_actual,y_pred_test_random_forest,y_pred_proba_test_random_forest,y_pred_test_deep,y_pred_proba_test_deep
1,1,0.95,1,0.99965364
1,1,0.78,1,0.9997347
1,1,0.94,1,0.9953725
1,1,0.97,1,0.77893317
1,1,0.99,1,0.99868643
1,1,0.68,0,0.044732954
1,1,0.83,1,0.62187284
1,1,0.71,1,0.98305357
1,1,0.89,1,0.98877066
1,1,0.97,0,0.4230648
1,1,0.8,1,0.9938597
1,1,0.91,1,0.9424021
1,1,0.97,1,0.9998055
1,1,0.71,0,0.2398754
1,1,0.88,0,0.42694342
1,1,0.96,1,0.99276173
1,1,0.96,1,0.9969572
1,1,0.95,1,0.9977029
1,1,0.93,1,0.9972868
1,1,0.78,1,0.99947304
1,1,0.78,1,0.9989617
1,1,0.97,1,0.99823254
1,1,0.71,1,0.9491831
0,1,0.58,0,0.044465367
0,0,0.46,0,0.02628898
1,1,0.89,1,0.99891466
1,1,0.95,1,0.99584043
1,1,0.76,1,0.97199285
1,1,0.96,1,0.9976052
1,1,0.83,0,0.31065446
0,1,0.97,1,0.98837394
1,1,0.94,1,0.9830514
1,1,0.99,1,0.9988228
1,1,0.78,1,0.987731
1,1,1.0,1,0.9997576
1,1,0.95,1,0.9964022
1,1,0.95,1,0.97748464
1,1,0.78,1,0.98736256
1,1,1.0,1,0.99790937
1,1,0.82,1,0.89518094
1,1,1.0,1,0.9959007
1,1,0.95,1,0.97948307
1,1,0.81,1,0.98733926
1,1,0.66,1,0.8880454
1,1,0.8,1,0.9966426
1,1,0.98,1,0.9996541
0,1,0.79,0,0.46454465
1,1,0.94,1,0.9969573
1,1,1.0,1,0.9990513
1,1,0.79,1,0.68246925
1,1,0.78,1,0.9930489
0,1,0.9,1,0.9954413
1,1,0.86,1,0.69207335
1,1,0.97,1,0.99750525
1,1,1.0,1,0.98812914
1,1,0.91,1,0.9995692
1,1,0.98,1,0.9978819
1,1,0.94,1,0.99158365
1,1,0.66,0,0.109178595
1,1,0.88,1,0.9903929
1,1,0.85,1,0.99856365
1,1,0.98,1,0.9834999
1,1,0.8,0,0.3092467
1,1,0.79,1,0.9916265
1,1,0.97,1,0.9997987
1,1,0.97,1,0.99830997
1,1,0.99,1,0.99907726
1,1,0.75,0,0.04935013
1,1,0.88,1,0.9890136
0,1,0.65,1,0.84888136
1,1,0.98,1,0.99778354
1,1,0.97,1,0.99632204
1,1,0.98,1,0.96614784
1,1,1.0,1,0.9996951
1,1,0.92,1,0.95174736
1,1,0.85,1,0.99892175
1,1,0.84,1,0.8655738
1,1,0.95,1,0.98549443
1,0,0.43,1,0.6437522
1,1,0.87,1,0.9786749
0,1,0.54,1,0.99822104
1,1,0.88,1,0.9979647
1,1,0.78,1,0.73455673
0,1,0.86,1,0.9990545
1,1,0.94,1,0.9975092
0,1,0.85,1,0.9726132
1,1,0.9,1,0.97130066
1,1,0.77,1,0.52635664
1,1,0.92,1,0.99074435
0,1,0.76,0,0.04051771
1,1,0.94,1,0.9946731
1,1,0.91,1,0.9893035
1,1,0.98,1,0.9913086
1,1,0.93,1,0.99899864
1,1,0.95,1,0.9975098
1,1,0.97,1,0.99879456
1,1,0.94,1,0.94768924
1,1,0.69,1,0.98697644
1,1,0.88,1,0.9517527
1,1,0.83,1,0.99787676
1,1,0.82,0,0.36694676
1,1,0.71,1,0.9949383
1,1,0.9,1,0.99766004
1,1,0.95,1,0.80761003
1,1,0.76,1,0.96186376
1,1,0.9,1,0.98811287
0,1,0.78,1,0.51859343
1,1,0.92,1,0.9984905
1,1,0.77,1,0.9988581
1,1,0.82,1,0.9933019
1,1,0.97,1,0.99906373
1,1,1.0,1,0.9993587
0,1,0.68,0,0.2166441
0,1,0.74,1,0.512527
0,1,0.72,1,0.96607476
1,1,0.82,1,0.864438
1,1,0.98,1,0.99894327
0,0,0.48,0,0.07556138
1,1,0.75,1,0.87765795
1,1,0.91,1,0.96610284
1,1,0.74,1,0.7126094
1,1,0.84,1,0.9964882
1,1,0.85,1,0.99171036
1,1,0.54,1,0.8866255
1,1,0.92,1,0.97934175
1,1,0.65,1,0.98884577
1,1,0.58,1,0.9922708
1,1,0.94,1,0.99962384
1,1,0.98,1,0.99844736
1,1,0.99,1,0.9967925
1,1,0.95,1,0.99758244
1,1,0.98,1,0.99620855
1,1,0.96,1,0.99967086
0,1,0.82,1,0.99121684
1,1,0.92,1,0.9829712
1,1,1.0,1,0.99951535
1,1,0.8,1,0.88392884
1,1,0.96,1,0.99470145
1,1,0.77,1,0.6894691
1,1,0.99,1,0.94610053
1,1,0.87,1,0.84987867
1,1,0.68,0,0.065890096
0,1,0.62,1,0.99388343
1,1,0.6,1,0.99531907
1,1,0.61,0,0.24948274
1,1,0.8,1,0.9198369
1,1,0.86,1,0.9980236
1,1,0.93,1,0.89162195
1,1,0.76,1,0.99004245
1,1,0.77,1,0.98077524
1,1,0.88,1,0.9993137
1,1,0.91,1,0.9982242
1,1,0.95,1,0.9981954
0,1,0.8,1,0.9994448
0,0,0.47,1,0.53552866
1,1,0.96,1,0.99764985
1,1,0.83,1,0.9947204
1,1,0.95,1,0.9971782
1,1,0.8,1,0.859195
1,1,0.78,1,0.98646384
1,1,0.77,0,0.041618824
0,1,0.63,0,0.13112383
1,1,0.82,1,0.9792409
1,1,0.85,1,0.9964725
1,1,0.99,1,0.99738127
1,1,0.88,1,0.8625054
1,1,0.96,1,0.9979179
0,1,0.81,0,0.2505615
0,1,0.51,1,0.76501304
1,1,0.96,1,0.6919283
1,1,0.64,1,0.99809927
1,1,0.97,1,0.9971225
1,1,0.95,1,0.9913019
1,1,0.88,0,0.29707444
1,1,0.97,1,0.97876966
0,1,0.87,1,0.9807058
1,1,0.97,1,0.99401486
1,1,0.91,1,0.99724597
1,1,0.86,1,0.9545715
1,1,0.93,1,0.99703825
1,1,0.81,0,0.14887461
1,1,0.98,1,0.99826944
1,1,0.81,1,0.73543495
1,1,0.84,1,0.99862564
1,1,0.99,1,0.9994222
1,1,0.51,1,0.70039433
1,1,0.86,0,0.47084478
1,1,0.88,1,0.99832004
1,1,0.83,1,0.95075125
1,1,0.91,1,0.93747705
1,1,0.89,1,0.9384771
0,1,0.68,0,0.07791925
1,1,0.85,1,0.9564295
1,1,1.0,1,0.9990773
1,1,0.81,1,0.9997309
1,1,0.94,1,0.9990882
1,1,0.94,1,0.98423654
0,1,0.55,0,0.07335858
1,1,0.63,1,0.95001423
1,1,0.81,1,0.92458594
1,1,0.95,1,0.95066816
1,1,0.85,0,0.06429079
0,1,0.62,0,0.03142703
1,1,0.77,1,0.92420256
1,1,0.64,1,0.71302587
1,1,0.88,1,0.99434686
1,1,0.95,1,0.9626971
0,1,0.65,1,0.95576483
1,1,0.98,1,0.9987248
0,0,0.49,0,0.1816674
0,1,0.76,0,0.09769229
1,1,0.93,1,0.97522694
1,1,0.95,1,0.9978218
0,1,0.88,1,0.978907
1,1,0.96,1,0.99704176
0,1,0.75,1,0.9966584
0,1,0.61,0,0.045582782
1,1,0.82,1,0.99912924
1,1,1.0,1,0.99855936
0,1,0.85,1,0.98820096
0,1,0.75,0,0.3254022
1,1,0.84,1,0.98663485
1,1,0.91,1,0.94933784
1,1,0.89,1,0.8312389
1,1,0.79,1,0.90569365
0,1,0.75,0,0.014383032
1,1,0.86,1,0.99833584
1,1,0.85,1,0.99979174
1,1,0.94,1,0.988043
1,1,0.68,1,0.97971207
1,1,0.96,1,0.999123
1,1,0.83,1,0.9982407
1,1,0.9,1,0.9413075
0,1,0.73,0,0.13148561
0,0,0.49,0,0.095019616
1,1,0.95,1,0.70272326
1,1,0.76,1,0.98581624
1,1,0.95,1,0.6613264
1,1,0.8,1,0.9987214
1,1,0.97,1,0.8979824
1,1,0.68,1,0.99614733
1,1,0.98,1,0.9920953
1,1,0.94,1,0.9987105
1,1,0.99,1,0.9977918
0,1,0.53,1,0.9540439
1,1,1.0,1,0.90782565
1,1,0.91,1,0.9939
1,1,0.93,1,0.9942129
1,1,0.97,1,0.9904583
1,1,0.9,0,0.480651
1,1,0.9,1,0.9693065
1,1,0.88,0,0.16461445
1,1,0.81,1,0.8109793
1,1,0.81,1,0.99044335
1,1,0.77,1,0.86319697
1,1,0.77,1,0.8113028
1,1,0.83,1,0.9915896
1,1,0.88,1,0.9980937
1,1,0.91,1,0.86750156
1,1,0.96,1,0.9993169
0,1,0.93,1,0.98698467
1,1,0.78,1,0.99188864
1,1,0.85,1,0.92817867
0,1,0.68,1,0.98277766
1,1,0.92,1,0.99864864
0,1,0.59,0,0.32854173
0,1,0.91,1,0.99907255
0,1,0.75,1,0.9559804
1,1,0.89,1,0.9998573
1,1,0.79,1,0.98155123
1,1,0.95,0,0.43155926
1,1,0.91,1,0.87631214
0,1,0.6,0,0.03356345
0,1,0.73,1,0.6683998
1,1,0.91,1,0.99748224
1,1,0.95,1,0.98988825
1,1,0.9,1,0.99920654
1,1,0.65,1,0.92362106
0,1,0.56,0,0.100989506
1,1,0.72,0,0.25451353
1,1,0.91,1,0.9991942
1,1,0.86,1,0.99435484
1,1,0.96,1,0.99833775
1,1,0.66,0,0.23246762
1,1,0.78,1,0.5047228
1,1,0.99,1,0.99722147
1,1,0.94,1,0.99756444
1,1,0.81,1,0.84560055
1,1,0.79,1,0.67257583
1,1,1.0,1,0.9776979
0,1,0.7,1,0.7884498
1,1,0.92,1,0.98370385
1,1,0.91,1,0.58674794
1,1,0.87,1,0.98684585
1,1,0.89,1,0.9976651
0,1,0.74,1,0.95681286
0,1,0.6,0,0.41515034
1,1,0.99,1,0.99914587
1,1,1.0,1,0.9836525
1,1,0.76,1,0.88605344
1,1,0.99,1,0.9996574
0,1,0.73,0,0.008784073
1,1,0.76,0,0.40402317
1,1,0.95,1,0.9975971
0,1,0.87,1,0.9929316
0,1,0.78,1,0.79869276
1,1,0.72,1,0.98704726
0,1,0.82,1,0.99319124
1,0,0.5,1,0.99091524
1,1,0.87,1,0.9916869
1,1,0.92,1,0.9402535
1,1,0.93,1,0.99926114
1,1,0.85,1,0.9972629
1,1,0.87,1,0.99843574
1,1,0.83,1,0.99915266
1,1,0.92,1,0.99940604
1,1,0.87,1,0.9976918
1,1,0.78,1,0.66892725
1,1,0.98,1,0.99854463
1,1,0.66,0,0.11446356
1,1,0.66,1,0.9675895
1,1,0.92,1,0.99154085
0,1,0.93,1,0.9325684
1,1,0.98,1,0.99172294
1,0,0.49,1,0.949582
1,1,0.88,1,0.9977275
1,1,0.94,1,0.99404633
1,1,0.93,1,0.98811084
1,1,0.97,1,0.81568265
1,1,0.86,1,0.9993529
0,1,0.94,1,0.75802153
1,1,0.97,1,0.99238735
1,1,0.79,0,0.39624813
1,1,0.87,1,0.8975815
1,1,0.97,1,0.999378
1,1,0.8,1,0.9884022
1,1,0.99,1,0.99641913
1,1,0.91,1,0.9989411
1,1,0.97,1,0.9195753
0,1,0.6,1,0.96316147
1,1,0.72,1,0.72679484
1,1,0.92,1,0.78321165
1,1,0.97,1,0.99948144
1,1,0.83,1,0.997631
0,0,0.5,0,0.050598364
0,1,0.87,1,0.99805915
1,1,0.86,1,0.9987886
1,1,0.85,1,0.9783105
1,1,0.95,1,0.7008365
1,1,0.96,1,0.9776708
0,1,0.77,1,0.8264235
1,1,0.92,1,0.906014
0,1,0.6,0,0.052191403
1,1,0.93,1,0.9994285
1,1,0.97,1,0.99570894
1,1,0.65,1,0.8996192
1,1,0.74,1,0.99909943
1,1,0.98,1,0.99414355
1,1,0.65,1,0.91712457
1,1,0.87,1,0.99398184
1,1,0.99,1,0.99811465
1,1,0.72,0,0.16735776
1,1,0.88,1,0.998812
1,1,0.88,0,0.32940102
1,1,0.79,1,0.99784166
1,1,0.67,0,0.08460817
1,1,0.51,1,0.9982583
1,1,0.78,1,0.9943327
1,1,0.84,1,0.99945456
1,1,0.92,1,0.99770784
1,1,0.9,1,0.99860865
1,1,0.86,1,0.99907416
1,1,0.74,1,0.99743015
1,1,1.0,1,0.99795645
1,1,0.98,1,0.9963448
1,1,0.88,1,0.56019497
1,1,0.87,1,0.9769984
1,1,0.83,1,0.9988919
1,1,0.72,1,0.99825454
1,1,0.98,1,0.99692583
1,1,0.83,1,0.68483657
1,1,0.71,1,0.9119221
0,1,0.83,1,0.9772464
1,1,0.89,1,0.66392314
1,1,0.98,1,0.9996057
0,1,0.83,1,0.90284204
0,1,0.72,1,0.6203834
1,1,0.88,1,0.81773657
1,1,0.97,1,0.99976283
1,1,0.81,1,0.9951039
1,1,0.94,1,0.98512673
1,1,0.86,1,0.99421906
0,1,0.88,0,0.12043101
1,1,0.94,1,0.99935246
0,1,0.95,1,0.9953213
1,1,0.94,1,0.9990121
1,1,0.89,1,0.99939275
1,0,0.43,1,0.6736841
1,1,0.98,1,0.9983904
1,1,0.59,1,0.5702903
1,1,0.79,1,0.99707633
1,1,0.73,1,0.94761753
0,0,0.47,1,0.8357301
1,1,0.83,1,0.9981282
1,1,0.85,1,0.99953437
0,1,0.9,1,0.99621755
1,1,0.95,1,0.96790594
0,1,0.76,1,0.9959197
1,1,0.89,1,0.9974148
1,1,0.77,0,0.23804891
0,1,0.79,0,0.3803717
1,1,0.91,1,0.9855004
1,1,0.87,1,0.9922446
1,1,0.98,1,0.9622159
1,1,0.82,1,0.98513675
1,1,0.86,1,0.8846351
1,1,0.83,1,0.9529769
1,1,0.9,1,0.9886263
0,1,0.82,0,0.035636224
1,1,0.98,1,0.9904731
0,1,0.68,0,0.024190433
1,1,0.94,1,0.97883016
1,1,0.95,1,0.99528974
1,1,0.93,1,0.9736056
1,1,0.9,1,0.98883086
1,1,0.94,1,0.9992138
1,1,0.96,1,0.9677438
1,1,0.81,1,0.821435
1,1,0.91,1,0.9981742
1,1,0.97,1,0.9985807
0,1,0.78,0,0.15114744
0,0,0.45,0,0.12283193
1,1,0.82,1,0.9972449
1,1,0.82,1,0.9918107
0,1,0.91,1,0.5234507
1,1,0.85,1,0.99956566
1,1,0.8,1,0.96665037
1,1,0.67,1,0.7833131
1,1,0.98,1,0.9693233
1,1,0.92,1,0.98092395
1,1,0.88,1,0.99285614
1,1,0.69,1,0.9984892
1,1,0.93,1,0.7071771
0,1,0.68,1,0.600629
1,1,0.87,1,0.9959892
1,1,0.89,1,0.9952683
1,1,0.93,0,0.20753948
0,0,0.47,1,0.9465343
1,1,0.59,1,0.9872966
1,1,0.81,1,0.93388057
1,1,0.95,1,0.99914294
1,1,0.84,1,0.99919915
1,1,0.94,0,0.14083478
1,1,0.97,1,0.99954224
0,1,0.89,1,0.8710319
1,1,0.93,1,0.9673372
1,1,0.83,1,0.8936604
0,1,0.84,1,0.99802876
1,1,0.99,1,0.99801177
1,1,0.82,1,0.99597263
1,1,0.97,1,0.99873936
1,1,0.72,1,0.9771991
1,1,0.87,1,0.94753045
0,1,0.57,0,0.1901958
1,1,1.0,1,0.99856776
1,1,0.83,1,0.99904376
1,1,0.87,1,0.9974037
1,1,0.79,1,0.9248191
0,1,0.51,1,0.8993431
0,1,0.69,0,0.33609486
1,1,0.79,1,0.9516325
1,1,0.77,1,0.94301796
1,1,0.78,1,0.99370134
1,1,0.84,0,0.40891787
1,1,0.84,1,0.8282534
1,1,0.86,1,0.5487678
1,1,0.84,1,0.74897504
0,1,0.79,1,0.9943114
0,1,0.73,0,0.42730334
1,1,0.79,1,0.9992212
1,1,0.56,0,0.15007035
1,1,0.67,0,0.08936289
1,1,0.69,0,0.3257641
0,1,0.86,1,0.9036452
1,1,0.8,1,0.93067575
0,1,0.97,1,0.67966914
0,1,0.71,1,0.89514184
1,1,0.88,1,0.99976516
1,1,0.93,1,0.992118
0,1,0.56,0,0.059461776
1,1,0.94,1,0.99859345
0,1,0.84,1,0.90319514
0,1,0.86,1,0.9950241
1,1,0.79,1,0.9588971
0,1,0.87,1,0.837963
1,1,0.89,1,0.97263867
1,1,0.95,1,0.99020094
1,1,0.91,1,0.998742
0,1,0.79,1,0.6720473
1,1,0.84,1,0.9994092
1,1,0.76,1,0.99160033
1,1,0.66,1,0.98496485
0,1,0.9,1,0.9744926
1,1,0.82,1,0.9527037
1,1,0.59,1,0.5000005
1,1,1.0,1,0.9815373
1,1,0.93,1,0.9361732
0,1,0.72,1,0.902134
1,1,0.71,1,0.99943936
1,1,0.91,1,0.9993941
1,1,0.89,1,0.99968565
1,1,0.92,1,0.9934714
1,1,0.97,1,0.990732
1,1,0.77,0,0.2663924
1,1,0.99,1,0.9992606
1,1,0.56,1,0.99164474
1,1,0.92,1,0.9987386
1,1,0.98,1,0.9996941
0,1,0.51,1,0.9681759
0,1,0.68,1,0.97018045
1,1,0.99,1,0.9986387
1,1,0.89,1,0.9991161
1,1,0.92,1,0.9956419
1,1,0.93,1,0.99980426
1,1,0.98,1,0.9847001
1,1,0.93,1,0.8365758
1,1,0.87,1,0.86904067
0,1,0.71,1,0.67724484
1,1,0.63,1,0.98024094
1,1,1.0,1,0.96096987
1,1,0.88,1,0.84374845
1,1,0.91,1,0.9996922
1,1,0.96,1,0.9981076
0,1,0.65,1,0.8022861
1,1,0.93,1,0.997499
1,1,0.98,1,0.9970281
1,1,0.7,1,0.937331
1,1,0.94,1,0.99853104
1,1,0.97,1,0.8581005
1,1,0.78,1,0.937803
1,1,0.87,0,0.44939503
1,1,0.72,0,0.30112016
0,1,0.78,1,0.9453549
1,1,0.91,1,0.99938494
0,1,0.78,1,0.7713274
1,1,0.81,1,0.9962798
1,1,0.95,0,0.4505848
1,1,0.97,1,0.99945
1,1,0.79,1,0.9149728
0,1,0.57,0,0.23688595
1,1,0.95,1,0.9971957
1,1,0.99,1,0.9885278
1,1,0.89,1,0.99694836
1,1,0.55,0,0.033418607
0,1,0.78,0,0.1366745
0,1,0.72,1,0.98336875
0,1,0.91,1,0.9829256
1,1,0.94,0,0.25205284
1,1,0.73,1,0.76905376
0,1,0.58,1,0.64217806
1,1,0.91,1,0.9969354
1,1,0.92,1,0.98381495
1,1,0.96,1,0.9759285
1,1,0.97,1,0.9974579
1,1,0.72,0,0.026577737
1,1,0.94,1,0.99745417
1,1,0.89,1,0.99856156
1,1,0.67,1,0.9876685
1,1,0.94,1,0.9992128
1,1,0.77,1,0.9929853
1,1,0.84,0,0.32392237
1,1,0.67,1,0.85447615
1,1,0.83,1,0.9624644
1,1,0.64,1,0.93364507
0,1,0.81,1,0.9505258
1,1,0.91,1,0.899431
1,1,0.97,1,0.93889874
0,1,0.84,1,0.99892366
1,1,0.95,1,0.9995417
0,0,0.48,0,0.1796935
1,1,0.93,1,0.9855377
1,1,0.55,0,0.48776227
1,1,0.78,0,0.12839574
1,1,0.96,1,0.9795778
0,1,0.61,1,0.80195194
1,1,0.84,1,0.99893564
0,1,0.96,1,0.7214678
1,1,0.95,1,0.99857885
1,1,0.89,1,0.8192706
1,1,0.99,1,0.99872357
1,1,0.9,1,0.99951154
1,1,0.89,1,0.9981224
1,1,0.89,1,0.8689473
1,1,0.57,1,0.9777523
1,1,0.96,1,0.9990808
0,1,0.79,1,0.9942726
1,1,0.77,1,0.9987284
1,1,0.76,1,0.9939386
1,1,0.81,1,0.98916113
1,1,0.99,1,0.99981713
1,1,0.9,1,0.9815001
1,1,0.71,0,0.13932441
1,1,0.92,1,0.9891842
1,1,0.9,1,0.9502896
1,1,0.69,1,0.99732584
0,1,0.6,0,0.11673821
1,1,0.94,1,0.72536445
1,1,0.72,1,0.99720305
0,1,0.65,1,0.9841692
1,1,0.73,0,0.18668263
1,1,0.9,1,0.99956864
1,1,0.53,1,0.9952331
1,1,0.99,1,0.9963695
0,1,0.88,0,0.3396161
0,0,0.45,1,0.923525
1,1,0.77,1,0.9773196
0,1,0.76,1,0.83564407
1,1,0.7,1,0.5367041
1,1,0.98,1,0.9981806
1,1,0.88,1,0.9978771
1,1,0.98,1,0.9920246
1,1,0.92,1,0.9986352
1,1,0.6,1,0.89416224
1,1,0.95,1,0.99879
1,1,0.98,1,0.99876183
1,1,0.94,1,0.9911196
1,1,0.88,1,0.9997228
1,1,0.67,1,0.9975261
1,1,0.72,0,0.45722878
1,1,0.66,1,0.99384755
0,1,0.9,1,0.9863111
0,1,0.6,0,0.027291847
1,1,0.9,1,0.99191505
1,1,0.97,1,0.9756378
1,1,0.96,1,0.9896357
0,1,0.86,0,0.13734254
1,1,0.89,1,0.98777294
1,1,0.75,1,0.9987571
1,1,0.86,1,0.9897599
0,1,0.67,1,0.9699853
0,1,0.63,0,0.15123951
1,1,0.99,1,0.98260057
1,1,0.76,1,0.99320036
1,1,0.97,1,0.96165884
1,1,0.99,1,0.9223037
1,1,0.97,1,0.9973812
1,1,0.87,0,0.3084918
1,1,0.97,1,0.98688895
1,1,0.93,1,0.93948525
1,1,0.79,1,0.9987993
0,1,0.53,1,0.8926955
0,1,0.72,0,0.144751
1,1,0.72,0,0.34411016
1,1,0.64,1,0.9987243
0,1,0.82,1,0.9716454
1,1,0.88,1,0.9803818
1,1,0.96,1,0.99920183
1,1,0.58,0,0.11249181
1,1,0.95,1,0.9992373
1,1,0.95,1,0.95103705
1,1,0.9,1,0.9544889
1,1,0.93,1,0.9967397
1,1,0.84,0,0.4838623
1,1,0.73,1,0.9990698
0,0,0.47,0,0.035820816
0,1,0.55,0,0.010013008
1,1,0.78,1,0.9873888
1,1,0.8,1,0.99814785
1,1,0.91,1,0.9988815
1,1,0.85,1,0.9957867
1,1,0.94,1,0.9994082
0,1,0.71,1,0.8901185
1,1,0.98,1,0.9922071
1,1,0.92,1,0.9984414
1,1,0.86,1,0.9338094
1,1,0.87,1,0.987086
1,1,0.59,1,0.6476115
1,1,0.99,1,0.9996766
1,1,0.94,1,0.9915455
1,1,0.97,1,0.8527763
0,1,0.7,0,0.37530208
1,1,0.88,1,0.98887205
1,1,0.57,1,0.6258027
1,1,0.99,1,0.9987999
1,1,0.63,1,0.65561056
1,1,0.93,1,0.99539137
1,1,0.69,1,0.99198633
1,1,0.86,1,0.99790835
1,1,0.92,1,0.9926609
1,1,0.94,1,0.9948283
0,1,0.67,1,0.98791134
1,1,0.83,1,0.99732035
1,1,0.69,0,0.091387175
0,1,0.94,1,0.50012153
1,1,0.77,1,0.9967707
1,1,0.83,1,0.9989554
1,1,0.7,0,0.14677225
1,1,0.92,1,0.9612046
1,1,0.99,1,0.99853814
0,1,0.69,0,0.023454716
0,1,0.86,1,0.6577089
0,0,0.43,1,0.8828794
0,0,0.43,1,0.8158252
1,1,0.91,1,0.9818032
1,0,0.49,1,0.9641621
0,1,0.72,0,0.069239035
1,1,0.95,1,0.9951963
1,1,0.83,1,0.9976297
1,1,0.77,1,0.99496394
1,1,0.99,1,0.999873
0,1,0.73,0,0.1786881
1,1,0.93,0,0.23110296
0,1,0.58,1,0.9494259
1,1,0.87,1,0.99906534
0,1,0.64,0,0.028030798
0,1,0.78,1,0.9052762
1,1,0.99,1,0.9890791
1,1,0.81,1,0.63818634
1,1,0.97,1,0.9905078
1,1,0.94,1,0.9996958
1,1,0.83,1,0.77360964
1,1,0.8,1,0.99879634
1,1,0.96,1,0.9971193
1,1,0.8,1,0.9310014
1,1,0.88,0,0.43609434
0,1,0.54,0,0.2614881
1,1,0.98,1,0.9992593
1,1,0.85,0,0.47862223
1,1,0.96,0,0.12146938
1,1,0.91,1,0.9992662
1,1,0.85,0,0.18895282
1,1,0.97,1,0.99943024
1,1,0.78,1,0.9188408
1,1,0.76,1,0.9153919
1,1,0.94,1,0.9981434
1,1,0.93,1,0.99487835
0,1,0.61,1,0.9798918
1,1,1.0,1,0.9992144
1,1,0.87,1,0.9944815
1,1,0.92,1,0.9998203
0,1,0.7,0,0.119658805
1,1,0.73,1,0.9991975
0,1,0.72,0,0.019062521
1,1,0.91,1,0.9940847
1,1,0.93,1,0.9983688
1,1,0.92,1,0.98658913
1,1,0.9,1,0.51844954
1,1,0.84,1,0.99841106
1,1,1.0,1,0.9989663
1,1,0.97,1,0.99686307
1,1,0.9,1,0.62253106
1,1,1.0,1,0.9987589
0,1,0.96,1,0.9950724
1,1,0.97,1,0.9962925
0,1,0.7,1,0.9942291
0,1,0.81,1,0.84435576
0,0,0.46,0,0.0910613
1,1,0.73,1,0.99892056
0,1,0.62,0,0.06455861
1,1,0.69,1,0.9924012
1,1,0.68,1,0.6465145
0,0,0.47,1,0.75555676
1,1,0.97,1,0.99913365
1,1,0.9,1,0.9994995
1,1,0.67,0,0.10444649
1,1,0.96,1,0.9941449
1,1,0.85,1,0.6335933
0,1,0.55,0,0.31719705
1,1,0.69,1,0.96128833
1,1,0.93,1,0.9997752
1,1,0.93,1,0.98389524
1,1,0.93,1,0.9943379
1,1,0.58,0,0.031439483
1,1,0.9,1,0.9992607
1,1,0.85,1,0.9755608
0,1,0.87,0,0.09864524
1,1,0.86,0,0.03855302
1,1,0.98,1,0.980515
1,1,0.84,1,0.90108407
1,1,0.81,1,0.6646604
1,1,0.95,1,0.98858434
1,1,0.94,1,0.9992524
0,1,0.72,0,0.17670718
1,1,0.95,1,0.9832504
1,1,0.87,1,0.88471836
0,1,0.97,1,0.9485291
1,1,0.67,1,0.97437674
1,1,0.79,1,0.9894721
0,1,0.66,1,0.9922318
0,1,0.58,0,0.13543014
0,1,0.75,1,0.8877301
1,1,0.74,1,0.997351
0,1,0.75,0,0.45950976
1,1,0.86,1,0.9668236
0,1,0.63,0,0.016201906
1,1,0.75,1,0.87215406
0,1,0.71,1,0.97096694
1,1,0.85,1,0.9533334
1,1,0.84,1,0.9658287
1,1,0.74,1,0.986472
1,1,0.84,1,0.98750484
1,0,0.4,1,0.9997556
1,1,0.93,1,0.99745107
1,1,0.87,1,0.9994886
1,1,0.86,1,0.89956653
0,0,0.5,1,0.5593041
0,1,0.64,0,0.08077683
0,1,0.55,1,0.9326236
1,1,0.99,1,0.99955183
1,1,0.93,1,0.9964273
0,1,0.8,1,0.99273
0,1,0.79,0,0.2222704
1,1,0.99,1,0.9949833
1,1,0.9,1,0.9625617
1,1,0.73,1,0.92403316
0,1,0.87,0,0.4051137
1,1,0.79,1,0.9861364
1,1,0.73,1,0.5296489
1,1,0.8,1,0.99817324
1,1,0.9,1,0.88785774
1,1,0.88,1,0.9993159
1,1,0.91,0,0.32019415
1,0,0.47,0,0.12938453
1,1,0.94,1,0.99586934
1,1,0.91,1,0.8394269
1,1,0.53,1,0.63566273
1,1,0.79,1,0.8413858
1,1,0.9,1,0.9253706
0,0,0.36,1,0.9888373
1,1,0.98,1,0.9008638
1,1,0.92,1,0.9811383
1,1,0.75,0,0.3956138
1,1,0.76,0,0.17413302
1,1,0.78,1,0.67750835
1,1,0.94,1,0.9994699
0,1,0.53,0,0.32039815
1,0,0.5,1,0.99947655
1,1,1.0,1,0.9047787
1,1,0.74,1,0.9973973
1,1,0.89,1,0.9988838
1,1,0.76,0,0.047668047
1,1,0.91,1,0.9738938
1,1,0.59,1,0.99615914
0,1,0.86,0,0.32175258
1,1,0.96,1,0.99968225
1,1,1.0,1,0.9989311
1,1,0.88,1,0.95835704
0,1,0.61,1,0.91261643
1,1,0.9,1,0.9876161
1,1,0.63,1,0.687966
1,1,0.96,1,0.9981387
1,1,0.56,0,0.49131444
1,1,0.98,1,0.997916
1,1,0.99,1,0.999814
0,0,0.49,0,0.23762365
1,1,0.72,0,0.2273574
1,1,0.99,1,0.9987422
1,1,0.99,1,0.992335
1,1,0.98,1,0.99058074
1,1,0.59,1,0.78373486
1,1,0.89,1,0.9905803
1,1,0.53,1,0.7838118
0,1,0.81,1,0.99587566
0,1,0.61,1,0.7238795
1,1,0.84,1,0.7381314
1,1,0.94,1,0.9366023
1,1,0.76,1,0.9993851
1,1,0.69,1,0.9932106
1,1,0.83,1,0.9282652
0,1,0.84,1,0.7965846
1,1,1.0,1,0.999717
1,1,0.97,1,0.99880934
1,1,0.84,1,0.9432404
1,1,1.0,1,0.9995412
1,1,0.97,1,0.99697214
1,1,0.81,0,0.49078292
1,1,0.95,1,0.99955934
0,1,0.7,0,0.065351166
1,1,0.81,1,0.847866
1,1,0.74,1,0.7490734
1,1,0.99,1,0.99386686
1,1,0.6,1,0.54429764
1,1,0.97,1,0.9978823
1,1,0.98,1,0.98539263
1,1,0.92,1,0.99678236
0,1,0.78,0,0.066534236
1,1,0.8,1,0.9991639
1,1,0.98,1,0.9995852
1,1,0.95,1,0.99167895
1,1,0.62,1,0.5659404
1,1,0.84,1,0.9988092
1,1,0.97,1,0.9940169
1,0,0.45,1,0.9994141
1,1,0.8,0,0.149434
0,1,0.7,1,0.8521941
1,1,0.79,1,0.9882458
1,1,0.85,1,0.8557052
1,1,0.94,1,0.9997818
1,1,0.98,1,0.9963654
1,1,0.77,1,0.99944544
1,1,0.97,1,0.99869
0,0,0.44,0,0.07778488
1,1,0.87,1,0.97476786
0,1,0.57,0,0.4307427
1,1,0.87,1,0.9978614
1,1,0.94,1,0.9984357
1,1,0.72,1,0.9949906
1,1,0.92,1,0.9851817
1,1,0.83,0,0.18495446
0,1,0.7,0,0.100094624
1,1,0.98,1,0.9983092
1,1,0.7,1,0.9949862
1,1,0.86,1,0.7582164
0,1,0.67,1,0.919852
0,1,0.55,1,0.98396707
1,1,0.89,1,0.7424975
1,1,0.95,1,0.99850315
1,1,0.9,1,0.99928623
1,1,0.98,1,0.99777246
1,1,0.9,1,0.90020597
0,1,0.6,0,0.016073806
1,1,1.0,1,0.99788064
1,1,0.68,0,0.39912435
1,1,0.76,0,0.053009186
1,1,0.92,1,0.9876094
0,1,0.67,0,0.188519
1,1,0.69,1,0.99592966
1,1,0.85,1,0.97627807
1,1,0.89,1,0.9488587
1,1,0.84,1,0.70692724
1,1,0.86,1,0.74764377
0,1,0.77,0,0.036384724
1,1,0.68,0,0.30775848
1,1,1.0,1,0.9991976
1,1,0.94,1,0.96691924
1,1,0.91,1,0.9977949
0,1,0.93,1,0.858136
0,0,0.5,1,0.9461551
1,1,0.79,1,0.9636706
1,1,0.89,1,0.9989939
1,1,1.0,1,0.99982345
1,1,1.0,1,0.9996346
0,1,0.55,0,0.047474787
1,1,0.96,1,0.9997428
1,1,0.98,1,0.99960494
1,1,0.85,1,0.9906717
1,1,0.96,1,0.9994669
1,1,0.94,1,0.9981734
1,1,0.92,1,0.99860954
0,1,0.6,0,0.4313971
1,1,0.62,1,0.99788797
0,1,0.55,0,0.12086177
1,1,0.74,0,0.066862926
1,1,0.91,1,0.99639374
0,1,0.76,0,0.21883762
0,1,0.81,0,0.07273243
1,1,0.77,1,0.99555147
0,1,0.82,1,0.9830636
0,1,0.51,1,0.6989671
1,1,0.72,1,0.6780429
0,1,0.64,0,0.16130804
1,1,0.84,1,0.99169886
1,1,0.87,1,0.9975954
0,1,0.61,0,0.100474395
1,1,0.75,1,0.995916
1,1,0.82,1,0.9991913
1,1,0.99,1,0.9682538
1,1,0.86,1,0.95943654
1,1,0.88,0,0.09073088
0,1,0.87,1,0.5517398
1,1,0.81,0,0.44130367
0,1,0.73,1,0.9676572
1,1,0.99,1,0.9987198
1,1,0.86,1,0.9991501
1,1,0.63,0,0.07771636
1,1,0.95,1,0.9915119
1,1,0.87,1,0.9836353
1,1,0.91,1,0.9946051
0,1,0.85,1,0.6196111
1,1,0.97,1,0.99956316
1,1,0.75,1,0.5520705
1,1,1.0,1,0.99921644
1,1,0.99,1,0.99972034
1,1,0.96,1,0.99687415
1,1,0.89,1,0.9965521
1,1,0.82,0,0.30012822
1,1,0.75,1,0.9998569
1,0,0.5,0,0.3005319
1,1,0.82,1,0.99768156
1,1,0.97,1,0.9968794
0,1,0.81,1,0.6688878
1,1,0.99,1,0.9997248
1,1,0.86,0,0.3098264
0,1,0.55,1,0.9920431
1,1,0.95,1,0.6841621
1,1,0.85,1,0.65626395
1,1,0.99,1,0.638383
1,1,0.6,0,0.018970227
0,1,0.74,1,0.94846493
0,1,0.74,1,0.9714389
1,1,0.89,1,0.9003929
0,1,0.66,0,0.2583964
1,1,0.95,1,0.9993495
1,1,1.0,1,0.99969375
0,1,0.75,1,0.9932085
1,1,0.96,1,0.9856439
1,1,0.97,1,0.998244
0,1,0.57,1,0.98038757
1,1,0.59,0,0.10462406
1,1,0.95,1,0.92177093
1,1,1.0,1,0.9991369
1,1,0.95,1,0.99848056
1,1,0.99,1,0.9948035
1,1,0.94,1,0.9958627
1,1,0.64,1,0.9987781
1,1,0.96,1,0.99580914
1,1,0.97,1,0.99846476
0,1,0.58,0,0.09202854
1,1,0.8,1,0.99828136
1,1,0.86,1,0.6714497
1,1,0.98,1,0.9992189
1,1,0.78,0,0.02327045
0,1,0.77,1,0.8720709
1,1,0.91,1,0.8519965
1,1,0.95,1,0.9994054
1,1,0.86,1,0.99832815
1,1,0.86,1,0.9883213
0,0,0.5,0,0.038330216
1,1,0.87,1,0.99914813
1,1,0.93,1,0.95826524
1,1,0.78,1,0.9996449
1,0,0.47,1,0.99913317
1,1,0.76,1,0.9914374
0,1,0.66,1,0.9581331
1,1,0.55,0,0.4429595
1,1,0.7,1,0.70047283
1,1,0.67,1,0.9151199
1,1,0.76,1,0.74283653
1,1,0.89,1,0.9983322
1,1,0.57,1,0.9411352
1,1,0.86,1,0.9987052
1,1,0.77,1,0.99944746
1,1,0.95,1,0.9935551
0,1,0.68,1,0.9811122
1,1,0.66,1,0.9979242
1,1,0.77,1,0.97471696
1,1,0.84,1,0.99787456
1,1,0.95,1,0.99931526
1,1,1.0,1,0.9932493
1,1,0.98,1,0.993706
0,1,0.59,1,0.54546916
1,1,0.79,0,0.49641335
1,1,0.87,1,0.7724417
1,1,0.85,1,0.97435623
1,1,0.97,1,0.998163
1,1,0.99,1,0.99659544
1,1,0.78,0,0.45589802
1,1,0.91,1,0.9944303
0,0,0.43,0,0.13640396
0,1,0.74,0,0.01386848
1,1,0.89,1,0.99918574
0,1,0.92,1,0.9881551
1,1,0.96,1,0.9913165
1,1,0.97,1,0.99970096
1,1,0.89,1,0.99870604
0,1,0.72,1,0.99248457
1,1,0.86,1,0.9952805
1,1,0.63,1,0.55111575
1,1,0.81,1,0.9936641
1,1,0.95,1,0.99797237
1,1,0.94,1,0.99930173
1,1,0.92,1,0.98450327
0,1,0.81,1,0.722819
1,1,0.95,1,0.9971168
1,1,0.84,1,0.9920551
1,1,0.91,1,0.99825996
1,1,0.84,1,0.9982792
1,1,0.98,1,0.99963397
1,1,0.83,1,0.96306646
1,1,0.92,1,0.9839373
0,1,0.89,1,0.99910223
1,1,0.63,1,0.99867344
1,1,0.69,1,0.9221195
1,1,0.74,1,0.9994386
1,1,0.98,1,0.9992873
1,1,0.9,1,0.9890137
1,1,0.95,1,0.9986632
1,1,0.96,1,0.99882734
1,1,0.76,1,0.9926119
1,1,1.0,1,0.99900013
1,1,0.94,1,0.99395895
1,1,0.98,1,0.7570863
1,1,0.86,1,0.9951247
1,1,0.87,1,0.99645925
1,1,0.98,1,0.9996938
1,1,0.73,1,0.6273951
1,1,1.0,1,0.91894734
1,1,1.0,1,0.9967964
1,1,0.89,1,0.83919764
1,1,0.96,1,0.99925023
0,1,0.71,0,0.03596622
1,1,1.0,1,0.9997704
1,1,0.88,1,0.9983502
1,1,0.84,1,0.9893167
1,1,0.65,1,0.78514516
1,1,1.0,1,0.99941313
1,1,0.82,1,0.99807817
1,1,0.93,1,0.9948444
1,1,0.88,0,0.1774996
1,1,0.91,1,0.9983188
0,1,0.8,1,0.9227198
1,1,0.73,0,0.16063848
1,1,1.0,1,0.9997006
1,1,0.96,1,0.9999025
1,1,0.91,1,0.9968586
1,1,0.96,1,0.98749244
1,1,0.96,1,0.9809778
1,1,0.9,1,0.99920785
1,1,0.62,1,0.99883467
1,1,0.99,1,0.9996948
1,1,0.99,1,0.999106
0,1,0.54,1,0.99139994
1,1,0.75,1,0.99176186
0,1,0.96,1,0.99502355
1,1,0.99,1,0.9405784
1,1,0.98,1,0.9996052
0,1,0.69,0,0.031430393
1,1,0.75,1,0.61422706
1,1,0.66,1,0.9994242
1,1,0.83,1,0.9994538
1,1,0.93,1,0.99916035
1,1,0.98,1,0.99946755
1,1,0.94,1,0.97190154
1,1,0.93,1,0.9753977
1,1,1.0,1,0.99934125
1,1,0.85,1,0.99508965
1,1,0.79,0,0.3427409
1,1,0.84,1,0.9834493
1,1,0.75,1,0.99097604
0,1,0.73,1,0.9808362
1,1,0.75,1,0.99628514
1,1,0.77,1,0.6504065
0,1,0.64,0,0.48594293
1,1,0.98,1,0.999399
1,1,0.79,1,0.98912865
1,1,0.77,1,0.9902914
0,1,0.82,1,0.997105
1,1,0.88,1,0.8985274
1,1,1.0,1,0.9992693
1,1,0.97,1,0.9917702
1,1,0.64,1,0.56347704
0,1,0.62,0,0.023608636
0,1,0.89,1,0.9382574
0,0,0.33,0,0.030234253
1,1,0.78,1,0.99937576
1,1,0.95,1,0.99862427
1,1,0.8,1,0.9936738
1,0,0.28,1,0.996464
1,1,0.84,1,0.98229396
1,1,0.92,1,0.97459495
1,1,0.98,1,0.99857044
1,1,0.87,1,0.95384705
1,1,0.92,1,0.9608235
1,1,0.92,1,0.9884218
1,1,0.98,1,0.97403234
1,1,0.83,1,0.96482587
1,1,0.76,1,0.9987075
1,1,0.72,1,0.9931283
1,1,0.97,1,0.9885797
0,1,0.62,1,0.59590966
1,1,0.79,1,0.99904823
0,1,0.8,0,0.017771574
1,1,0.91,1,0.9724015
1,1,0.93,1,0.9986938
1,1,0.98,1,0.998019
1,1,0.65,0,0.47968012
1,1,0.8,1,0.97813135
1,1,0.97,1,0.97121525
1,1,0.79,1,0.9974076
1,1,0.78,1,0.99182487
1,1,0.94,1,0.9898109
1,1,0.86,1,0.9980922
0,1,0.85,1,0.52485126
1,1,0.98,1,0.99664235
1,1,0.95,1,0.99910295
1,1,0.98,1,0.99776113
1,1,0.91,1,0.9938777
1,1,0.86,1,0.9371936
1,1,0.79,1,0.9920399
1,1,0.86,1,0.9603121
0,1,0.67,1,0.9917738
1,1,0.95,1,0.9901523
0,1,0.6,1,0.9996681
0,1,0.83,1,0.64581907
1,1,0.75,0,0.038817707
1,1,0.9,1,0.9976179
1,1,0.84,1,0.99960154
1,1,0.98,1,0.74997085
1,1,0.89,1,0.9988782
1,1,0.89,1,0.9979202
0,1,0.76,1,0.9220104
0,1,0.89,1,0.9998063
1,1,0.98,1,0.99964106
1,1,0.99,1,0.99853873
1,1,0.92,1,0.5415787
0,1,0.62,1,0.93830156
0,1,0.9,1,0.61706376
1,1,1.0,1,0.9994747
0,1,0.72,1,0.6666807
1,1,0.65,1,0.5381847
0,1,0.78,1,0.99845046
0,1,0.92,1,0.991616
1,1,0.85,1,0.99384356
1,1,0.69,1,0.9991864
0,1,0.77,0,0.15464683
1,1,0.95,1,0.9481781
1,1,0.82,1,0.98671585
1,1,0.95,1,0.9902414
1,1,0.82,1,0.8571953
1,1,0.99,1,0.99883795
1,1,0.83,1,0.99897957
0,1,0.62,0,0.14435646
1,1,0.64,1,0.99578613
0,1,0.96,1,0.9816518
1,1,1.0,1,0.9998513
0,1,0.57,0,0.379398
1,1,0.98,1,0.9600255
1,1,0.96,1,0.99872756
0,1,0.76,1,0.76494104
1,1,0.63,1,0.7726544
1,1,0.82,1,0.9927852
1,1,0.68,1,0.9884961
1,0,0.5,1,0.9997363
1,1,1.0,1,0.99931484
1,1,0.94,1,0.9996464
1,1,0.91,1,0.9991061
1,1,0.97,1,0.9919973
0,1,0.77,1,0.97883743
1,1,0.66,1,0.99961185
1,1,0.76,0,0.21795751
1,1,1.0,1,0.99839574
1,1,0.71,1,0.9908885
1,1,0.93,1,0.9932448
1,1,0.91,1,0.99036646
1,1,0.97,1,0.99631673
1,1,0.71,1,0.915514
1,1,0.92,1,0.9957748
1,1,0.9,1,0.79679805
1,1,0.82,1,0.9988589
0,1,0.81,1,0.883482
1,1,0.87,1,0.99915755
1,1,0.82,1,0.9994898
1,1,0.97,1,0.9995492
1,1,0.93,1,0.98943
1,1,0.85,1,0.9991344
1,1,0.93,1,0.9239734
0,1,0.77,0,0.03658548
1,1,0.9,1,0.9879
1,1,1.0,1,0.99882466
1,1,0.93,1,0.9942721
1,1,0.94,1,0.7895052
1,1,1.0,1,0.9900021
0,1,0.55,0,0.025073588
1,1,0.92,1,0.9350146
0,1,0.93,1,0.53763694
0,1,0.75,0,0.027665569
1,1,0.83,1,0.99554664
1,1,0.96,1,0.9952339
1,1,0.94,1,0.9991756
1,1,0.65,1,0.9715739
1,1,0.86,1,0.99889535
1,1,0.98,1,0.9964273
1,1,0.82,1,0.9491744
1,1,0.98,1,0.91456026
0,1,0.58,1,0.9564756
1,1,0.69,1,0.9826625
1,1,0.76,1,0.8483204
1,1,0.82,1,0.9750212
1,1,0.69,1,0.99330664
1,1,0.99,1,0.9984331
1,1,0.84,1,0.99957824
1,1,0.95,1,0.997163
1,1,0.74,1,0.9977742
1,1,0.91,1,0.88836795
0,1,0.62,0,0.39686322
0,1,0.78,1,0.9296501
0,0,0.47,1,0.93897825
1,1,1.0,1,0.9989102
0,1,0.66,0,0.29855475
1,1,0.99,1,0.9992924
1,1,0.89,1,0.9975877
1,1,0.99,1,0.9997485
1,1,1.0,1,0.99700564
1,1,0.96,1,0.99983406
1,1,0.78,0,0.21895921
1,1,0.84,1,0.9992766
1,1,0.84,1,0.9868532
1,1,0.55,1,0.83311903
1,1,0.73,1,0.982444
0,0,0.5,0,0.25424644
1,1,1.0,1,0.99966246
0,1,0.52,1,0.7903995
1,1,0.99,1,0.8584896
0,0,0.3,0,0.04188715
1,1,0.91,1,0.9889691
1,1,0.71,1,0.9984785
1,1,0.94,1,0.99912286
1,1,0.64,1,0.76312006
0,1,0.57,0,0.2138114
1,1,0.92,1,0.9974697
1,1,0.99,1,0.99978006
1,1,0.86,0,0.27985758
1,1,0.84,1,0.9969318
1,1,0.96,1,0.9992112
0,1,0.66,1,0.89319944
1,1,0.86,1,0.9920308
0,1,0.63,1,0.5032393
1,1,0.86,1,0.87368107
1,1,1.0,1,0.99109674
1,1,0.83,1,0.75993496
1,1,0.84,1,0.99913585
1,1,0.9,1,0.99827266
1,1,0.96,1,0.99938804
1,1,0.78,1,0.9289426
1,1,0.89,1,0.9989669
1,1,0.94,1,0.9399996
1,1,0.79,1,0.99897635
1,1,0.59,1,0.9990923
1,1,0.98,1,0.9953712
0,1,0.63,0,0.45404276
0,1,0.61,1,0.75511384
1,1,0.85,1,0.9983763
1,1,0.9,1,0.9847558
1,1,1.0,1,0.9998064
1,1,0.9,1,0.7176818
1,1,0.77,0,0.10337928
0,1,0.66,0,0.063601404
0,1,0.7,1,0.83783805
1,1,0.7,0,0.3152621
0,1,0.86,1,0.6651471
1,1,0.79,1,0.99701685
1,1,0.95,1,0.99199617
1,1,0.85,1,0.87372917
1,1,0.9,1,0.99920255
1,1,0.92,1,0.99475056
1,1,0.97,1,0.9976436
1,1,0.76,1,0.9949403
1,1,0.77,1,0.9894363
1,1,0.8,0,0.45028704
1,1,0.86,1,0.99895096
1,1,0.94,0,0.32135552
1,1,0.87,1,0.9981675
1,1,0.81,1,0.9772442
1,1,0.92,1,0.998152
0,1,0.56,0,0.42508045
1,1,0.61,0,0.31864464
1,1,0.85,1,0.98139334
1,1,0.7,1,0.9992144
0,1,0.66,1,0.99649733
1,1,0.79,1,0.8463325
0,1,0.77,0,0.010431349
1,1,0.97,1,0.97251093
1,1,0.85,1,0.998112
1,1,0.94,1,0.99738854
1,1,0.74,1,0.98629564
1,1,0.98,1,0.9996395
1,1,1.0,1,0.9975409
1,1,0.99,1,0.99902344
1,1,0.66,1,0.95455885
1,1,0.83,1,0.8596505
0,0,0.44,1,0.78035337
1,1,0.99,1,0.9998447
1,1,0.87,1,0.98862386
0,1,0.52,0,0.22759384
1,1,0.94,1,0.99859756
1,1,0.66,1,0.99458504
1,1,0.76,1,0.98956335
1,1,0.73,0,0.17326874
1,1,0.89,0,0.1518043
1,1,0.7,1,0.8903534
1,1,0.89,1,0.98392224
1,1,1.0,1,0.99898297
1,1,0.62,1,0.9317618
1,1,0.96,1,0.9083935
1,1,0.98,1,0.99778783
1,1,0.84,1,0.919288
1,1,1.0,1,0.973909
1,1,0.95,1,0.9967516
1,1,0.61,1,0.9967372
1,1,0.94,1,0.87667567
1,1,0.71,1,0.83016205
0,1,0.68,1,0.86361665
1,1,0.78,1,0.9251323
1,1,0.92,1,0.9973126
1,1,0.99,1,0.99382657
1,1,0.55,0,0.4203405
1,1,0.65,1,0.98265177
1,1,0.94,1,0.9817839
1,1,0.92,1,0.98907757
0,1,0.85,1,0.99003816
1,1,0.69,1,0.9599704
1,1,0.69,0,0.028687553
1,1,0.94,1,0.73598355
0,1,0.65,0,0.033705596
0,1,0.91,1,0.79218507
1,1,0.84,1,0.996418
1,1,0.95,1,0.9889189
1,1,0.57,0,0.42672336
1,1,0.95,1,0.99925554
1,1,0.97,1,0.9967278
1,1,0.82,1,0.99920934
1,1,0.92,1,0.9974655
1,1,0.67,1,0.9245065
1,1,1.0,1,0.9994203
0,1,0.57,0,0.2314674
1,1,0.94,1,0.9882993
1,1,0.69,1,0.6586712
1,1,0.86,1,0.9958234
0,1,0.68,0,0.019191978
1,1,0.9,1,0.9959596
1,1,0.95,1,0.99375015
1,1,0.74,0,0.08753151
1,1,0.79,1,0.9991259
1,1,0.9,1,0.9988758
1,1,0.82,1,0.9955682
1,1,0.86,1,0.9968014
1,1,0.79,1,0.9953254
1,1,0.77,1,0.6319046
1,1,0.94,1,0.99823076
1,1,0.74,1,0.9596735
1,1,0.96,1,0.9771313
1,1,0.96,1,0.9961479
1,1,0.98,1,0.99937207
1,1,0.87,1,0.998022
0,1,0.54,1,0.7300939
0,1,0.53,1,0.9965271
1,1,0.67,1,0.98688614
1,1,0.78,1,0.99923384
0,1,0.82,1,0.682791
1,1,0.64,1,0.99506646
0,1,0.9,1,0.950092
1,1,0.91,1,0.99712193
0,1,0.6,1,0.9850392
1,1,0.96,1,0.9989196
1,1,0.85,1,0.99152625
1,1,0.87,1,0.996535
1,1,0.9,1,0.999465
1,1,0.89,1,0.997627
1,1,0.97,1,0.995894
0,1,0.64,0,0.010409646
1,1,0.79,1,0.99194235
1,1,0.93,1,0.99960685
1,1,0.79,0,0.037516303
1,1,0.96,1,0.99406004
1,1,0.91,1,0.9801329
1,1,0.98,1,0.9993911
1,1,1.0,1,0.9990969
1,1,0.96,1,0.9985794
1,1,0.83,1,0.9994481
1,1,0.93,1,0.9967543
1,1,0.86,1,0.9997285
1,0,0.44,1,0.95283836
1,1,0.92,1,0.9822519
1,1,0.9,1,0.9992768
0,1,0.64,1,0.89835024
0,1,0.8,0,0.21288599
1,1,0.77,1,0.81426966
1,1,0.84,1,0.99822384
0,1,0.86,1,0.8731805
1,1,0.96,1,0.9985301
0,1,0.81,1,0.9665828
1,1,1.0,1,0.9982242
1,1,0.99,1,0.9996798
1,1,0.8,1,0.50630474
0,1,0.77,1,0.5286101
1,1,0.78,1,0.6744106
1,1,0.77,1,0.9979659
1,1,0.94,1,0.99934995
1,1,0.88,1,0.8460933
1,1,0.88,1,0.9363885
0,1,0.74,0,0.34375134
1,1,0.99,1,0.9976057
1,1,1.0,1,0.996746
1,1,0.69,1,0.94086933
1,1,0.65,1,0.99655634
1,1,0.82,1,0.9959403
1,1,0.87,1,0.9849745
1,1,0.9,1,0.9994665
0,1,0.76,1,0.99554
1,1,0.88,1,0.9841372
1,1,0.94,1,0.9930822
0,1,0.77,1,0.99943835
1,1,0.88,1,0.9998927
1,1,0.91,1,0.9994871
1,1,0.86,1,0.99100167
1,1,0.58,1,0.9995953
0,1,0.95,1,0.96265256
1,1,0.54,1,0.99443775
1,1,0.89,1,0.9949567
0,1,0.71,1,0.61867565
1,1,0.67,1,0.7993215
1,1,0.57,1,0.99963737
1,1,0.89,1,0.5246306
1,1,0.8,1,0.8996755
1,1,0.96,1,0.99543697
0,1,0.65,0,0.20247002
1,1,0.82,1,0.9730417
0,0,0.48,1,0.8372371
1,1,0.85,1,0.801055
1,1,0.84,1,0.89359564
1,0,0.39,1,0.70307
0,1,0.63,0,0.059673656
1,1,0.7,1,0.8012844
1,1,0.71,1,0.7568682
1,1,0.98,1,0.9745408
1,1,0.91,1,0.9842049
1,0,0.5,1,0.6707395
1,1,0.95,1,0.9949316
1,1,0.68,1,0.9981551
1,1,0.79,0,0.112469435
1,1,0.98,1,0.943177
1,1,0.93,1,0.9676877
1,1,0.62,1,0.87786275
0,1,0.83,1,0.99801046
1,1,0.81,1,0.9951099
0,1,0.66,0,0.05011136
1,1,1.0,1,0.9992481
0,1,0.51,0,0.1480346
1,1,0.91,1,0.9460797
1,1,0.88,1,0.9583129
1,1,0.67,1,0.9543
1,1,0.79,1,0.99919194
1,1,0.83,1,0.9580225
1,1,0.95,1,0.9763302
1,1,0.78,0,0.13031393
1,1,0.93,1,0.99892825
1,1,0.63,0,0.2893966
1,1,0.99,1,0.9996785
0,1,0.66,0,0.43224984
1,1,1.0,1,0.99865097
1,1,1.0,1,0.9986313
1,1,0.83,1,0.9949612
0,1,0.65,1,0.79462737
1,1,0.91,1,0.8943744
1,1,0.81,1,0.9922486
1,1,0.98,1,0.94203293
1,1,0.57,1,0.79015434
0,1,0.67,1,0.9221708
1,1,0.64,1,0.99939245
1,1,0.84,0,0.36003873
1,1,0.83,1,0.9952138
1,1,0.97,1,0.99962467
0,1,0.56,1,0.6118961
1,1,0.61,0,0.30491424
1,1,0.85,0,0.27337745
1,1,0.66,1,0.9977829
1,1,0.87,1,0.85237783
1,1,0.92,1,0.76301867
0,1,0.63,1,0.99566025
1,1,0.63,1,0.9447103
1,1,0.83,1,0.6837844
1,1,0.95,1,0.99863994
0,1,0.81,1,0.985213
1,1,0.92,1,0.9928558
1,1,0.88,1,0.8540777
0,1,0.85,1,0.8974403
1,1,0.92,1,0.9978122
1,1,0.88,0,0.02922756
1,1,0.99,1,0.99641746
1,1,0.99,1,0.98081636
1,1,0.71,1,0.9991721
1,1,0.97,1,0.9994803
0,1,0.68,1,0.80832165
0,1,0.71,0,0.11064896
1,1,0.9,1,0.9940228
1,1,1.0,1,0.9920035
1,1,0.96,1,0.9989933
1,1,0.99,1,0.9897058
1,1,0.82,1,0.9993477
1,1,0.81,1,0.9903503
1,1,0.86,1,0.990894
1,1,0.72,1,0.9853406
0,1,0.9,1,0.76153713
1,1,0.96,1,0.8917993
1,1,0.98,1,0.9981357
1,1,0.88,1,0.98162746
1,1,0.98,1,0.9981511
1,1,0.99,1,0.9758199
1,1,0.85,1,0.99850494
1,1,0.87,1,0.9995078
1,1,0.97,1,0.99839824
1,1,0.72,1,0.8909649
1,1,0.98,1,0.9983388
0,1,0.55,0,0.05932683
1,1,0.97,1,0.9902156
1,1,0.9,1,0.8575672
1,1,0.66,0,0.039478216
1,1,0.92,1,0.9977889
1,1,0.87,1,0.9954917
1,1,0.93,1,0.9972049
1,1,0.89,1,0.99539155
1,1,0.94,1,0.98434645
1,1,0.91,1,0.9953985
1,1,0.86,1,0.8497798
1,1,0.97,1,0.99685615
0,1,0.62,1,0.7754207
1,1,0.91,1,0.99844015
1,1,0.99,1,0.9984574
1,1,0.73,1,0.9807061
0,0,0.49,0,0.024287893
1,1,1.0,1,0.9909177
1,1,0.93,1,0.99282295
1,1,0.87,1,0.94756436
1,1,0.96,1,0.9579755
1,1,0.99,1,0.9736721
1,1,0.83,1,0.991087
1,1,0.97,1,0.99622005
1,1,0.95,1,0.999784
1,1,0.95,1,0.9960739
1,1,0.59,0,0.014686112
1,1,0.79,1,0.9946027
1,1,0.96,1,0.9973086
1,1,0.92,1,0.976285
1,1,0.92,1,0.9959279
1,1,0.94,1,0.9986724
1,1,0.78,0,0.06107465
1,1,0.89,1,0.5138805
0,1,0.66,1,0.77975094
1,1,0.85,1,0.9811265
1,1,0.96,1,0.9835257
0,1,0.61,0,0.030737033
1,1,0.92,1,0.9980978
1,1,0.69,1,0.9443555
1,1,0.9,1,0.99882215
1,1,0.64,0,0.17329414
1,1,0.83,1,0.62343824
0,1,0.61,0,0.09407527
1,1,0.55,1,0.9942879
0,0,0.39,1,0.98264563
1,1,0.78,1,0.9988403
1,1,0.99,1,0.9992524
1,1,0.99,1,0.9989744
1,1,0.79,1,0.9804255
1,1,0.94,1,0.97632873
1,1,0.97,1,0.9988543
1,1,0.55,1,0.7587303
1,1,0.94,1,0.9583773
1,1,0.89,1,0.99885446
1,1,0.93,1,0.9125614
1,1,0.82,1,0.8904084
0,1,0.9,1,0.85483724
1,1,0.89,1,0.9900099
0,1,0.73,0,0.013048316
0,1,0.74,0,0.04011525
1,1,0.99,1,0.99946356
1,1,0.77,1,0.9821102
0,1,0.86,0,0.051088583
1,1,0.92,1,0.98949677
1,1,0.75,1,0.9983175
1,1,0.79,1,0.98551315
0,1,0.89,1,0.9628229
1,1,0.81,1,0.97238904
1,1,0.73,1,0.9949661
1,1,0.97,1,0.99894583
1,1,0.81,1,0.9992832
1,1,0.97,1,0.99381566
1,1,0.77,1,0.9907921
1,1,0.84,1,0.9622359
1,1,0.89,1,0.9887373
1,1,0.8,1,0.92359746
1,1,0.99,1,0.98582137
1,1,0.93,1,0.99952984
1,1,0.86,1,0.9126225
1,1,0.65,0,0.47979164
0,1,0.87,1,0.9958268
1,1,0.79,0,0.27774215
1,1,0.7,1,0.7217219
1,1,0.8,0,0.094279446
0,1,0.69,1,0.60300046
1,1,0.98,1,0.9712248
1,1,0.87,1,0.86148393
1,1,1.0,1,0.99674016
1,1,0.89,1,0.99852055
0,1,0.61,0,0.33370426
0,1,0.65,0,0.25007737
1,1,0.81,1,0.9994303
1,1,0.76,1,0.99773
1,1,0.98,1,0.99542594
0,1,0.9,1,0.99901015
0,1,0.84,0,0.48468292
0,1,0.55,1,0.9987247
1,1,0.78,1,0.9853704
1,1,1.0,1,0.9991707
1,1,0.88,1,0.89332277
1,1,0.96,1,0.99736357
1,1,0.66,1,0.6141011
1,1,0.87,1,0.8507837
0,1,0.81,0,0.20532995
1,1,0.71,1,0.86966884
1,1,0.83,1,0.99942166
1,1,1.0,1,0.9967163
1,1,0.97,1,0.96819896
1,1,0.91,1,0.9975871
0,1,0.89,1,0.9926292
1,1,0.86,1,0.9991485
1,1,0.68,0,0.2920531
1,1,0.68,0,0.13077657
1,0,0.41,1,0.84888023
0,1,0.65,0,0.25609607
0,1,0.81,1,0.99773514
1,1,0.96,1,0.9602261
1,1,0.84,1,0.9873976
1,1,0.96,1,0.8806381
1,1,0.95,1,0.9942224
1,1,0.88,1,0.97322106
1,1,0.72,1,0.99718934
1,1,0.85,1,0.9989745
1,1,0.99,1,0.9934561
1,1,0.92,1,0.9964784
0,1,0.74,0,0.4793792
1,1,0.88,1,0.9995103
1,1,0.71,1,0.9815072
1,1,0.98,1,0.99927455
1,1,0.78,1,0.96767646
1,1,0.92,1,0.9994304
0,1,0.62,0,0.0630579
1,1,0.87,1,0.9927451
1,1,0.99,1,0.99971277
1,1,0.67,1,0.99903417
1,1,0.86,1,0.9923461
1,1,0.97,1,0.9987202
1,1,0.94,1,0.99032843
1,1,1.0,1,0.96612
1,1,0.81,1,0.99957603
1,1,0.96,1,0.9990775
0,1,0.8,0,0.019155018
1,1,0.81,1,0.9976076
1,1,0.76,0,0.05252426
0,1,0.66,0,0.09376846
1,1,0.81,1,0.99172354
1,1,0.88,1,0.53247863
1,1,1.0,1,0.9965728
1,1,0.88,1,0.7393286
1,1,0.95,1,0.998602
0,1,0.92,1,0.9963023
0,1,0.66,0,0.037074294
1,1,0.61,1,0.9720405
1,1,0.93,1,0.95047355
1,1,0.56,1,0.5943267
1,1,0.84,1,0.99824876
